{
  "indexing": [],
  "boolean_search": [
    {
      "query": "auriculares",
      "time": 0.039795637130737305,
      "num_results": 6
    },
    {
      "query": "auriculares AND bateria",
      "time": 0.0438995361328125,
      "num_results": 6
    }
  ],
  "tfidf_search": [
    {
      "query": "auriculares",
      "time": 0.1113429069519043,
      "num_results": 50
    },
    {
      "query": "auriculares AND bateria",
      "time": 0.1098642349243164,
      "num_results": 50
    }
  ],
  "boolean_search_stats": {
    "min": 0.039795637130737305,
    "max": 0.0438995361328125,
    "mean": 0.0418475866317749,
    "median": 0.0418475866317749
  },
  "tfidf_search_stats": {
    "min": 0.1098642349243164,
    "max": 0.1113429069519043,
    "mean": 0.11060357093811035,
    "median": 0.11060357093811035
  }
}